"objectId(STRING_ID)","countryCode(STRING(36))","ownerId(STRING(36))","cbTableCode(STRING(36))","state(STRING(36))","updated(DATETIME)","city(STRING(36))","created(DATETIME)"
"45DDD34B-9F87-1F26-FF8F-17B984A9C200","99",null,"1","DummyState","03/25/2017 21:18:34 GMT+0000","DummyCity","03/11/2017 22:25:57 GMT+0000"
"5B5484F8-55EF-3FC5-FF86-07FF56B3B000","1",null,"1","Uttar Pradesh",null,"Greater Noida","12/04/2016 09:42:07 GMT+0000"
"A995D5CE-D312-F1B9-FF52-9B0EE1EB3E00","1",null,"1","Uttar Pradesh","12/04/2016 09:52:36 GMT+0000","Noida","10/10/2016 21:03:11 GMT+0000"
"CD7D7B8D-A772-6EDE-FF86-879406F1EF00","1",null,"1","Uttar Pradesh","12/04/2016 09:52:36 GMT+0000","Ghaziabad","10/10/2016 21:03:28 GMT+0000"
