"description(TEXT)","user_visible(BOOLEAN)","ownerId(STRING(36))","created(DATETIME)","value_int(INT)","value_string(STRING(72))","objectId(STRING_ID)","name(STRING(72))","updated(DATETIME)","value_datatype(INT)","value_date(DATETIME)"
"Merchant: Minutes after which new password is sent on reset.",true,"E476F850-41D9-9C5F-FF78-30A5FB374200","03/28/2017 10:30:05 GMT+0000",10,null,"088E149A-2671-32D7-FFF7-B789F94BA200","Mchnt_Password_Reset_Mins","03/30/2017 22:13:51 GMT+0000",1,null
null,false,"E476F850-41D9-9C5F-FF78-30A5FB374200","03/28/2017 10:30:06 GMT+0000",0,"http://www.myecash.in/contact-us","09C362B1-A745-5FE2-FFE7-91FB1D484400","ContactUs_Url",null,3,null
"Customer: Minimum Cashback amount for particular merchant, after which only it can be redeemed.",true,"E476F850-41D9-9C5F-FF78-30A5FB374200","03/28/2017 10:30:05 GMT+0000",200,null,"104B00CF-7296-8F0C-FFE2-18D3838C1B00","CB_Redeem_Limit",null,1,null
"If Customer Card Mandatory to be scanned, for Account debit ?",true,"E476F850-41D9-9C5F-FF78-30A5FB374200","03/28/2017 10:30:06 GMT+0000",0,null,"151A4360-39BA-838E-FF4D-ECE28550F700","AC_Debit_Card_Required",null,2,null
"End Hour for Daily service downtime (24 hour format).",true,"E476F850-41D9-9C5F-FF78-30A5FB374200","03/28/2017 10:30:06 GMT+0000",0,null,"20F9F9C2-10C7-F5EC-FF55-B9A93D7DCA00","Daily_Downtime_End_Hour","03/28/2017 19:24:08 GMT+0000",1,null
"Account Debit: Amount over which Customer PIN is asked during txn.",true,"E476F850-41D9-9C5F-FF78-30A5FB374200","03/28/2017 10:30:06 GMT+0000",0,null,"26EB01B9-19E8-D4BA-FF18-0BBF14EA9900","AC_Debit_Limit_For_PIN",null,1,null
null,false,"E476F850-41D9-9C5F-FF78-30A5FB374200","03/28/2017 10:30:05 GMT+0000",10,null,"2EBDAA1D-5D85-BF56-FFB4-FB3D69F2B900","Cust_Card_Min_Qty",null,1,null
null,false,"E476F850-41D9-9C5F-FF78-30A5FB374200","03/28/2017 10:30:06 GMT+0000",12,null,"364B9065-7744-1E7A-FF59-898889507900","Cust_Renew_Months",null,1,null
"Number of minutes after which 'wrong attempts' count is reset.",true,"E476F850-41D9-9C5F-FF78-30A5FB374200","03/28/2017 10:30:05 GMT+0000",120,null,"49FD8EC1-7A7D-10A3-FFB5-709A303C8900","Wrong_Verify_Reset_Mins",null,1,null
"Merchant: Minutes for which account is kept Locked. Enabled automatically after this.",true,"E476F850-41D9-9C5F-FF78-30A5FB374200","03/28/2017 10:30:05 GMT+0000",60,null,"4AF271AB-0897-1F8F-FFDB-8D05CDCF0800","Cust_Acc_Locked_Mins",null,1,null
"Time for which any sent OTP is valid.",true,"E476F850-41D9-9C5F-FF78-30A5FB374200","03/28/2017 10:30:05 GMT+0000",15,null,"5DCD98D3-ED56-A9FA-FF51-B4951DFFA700","OTP_Valid_Mins",null,1,null
"Cashback Redeem: Amount over which Customer PIN is asked during txn.",true,"E476F850-41D9-9C5F-FF78-30A5FB374200","03/28/2017 10:30:05 GMT+0000",0,null,"6033940D-C603-2FB8-FFE9-9D23505A9D00","CB_Debit_Limit_For_PIN",null,1,null
null,false,"E476F850-41D9-9C5F-FF78-30A5FB374200","03/28/2017 10:30:05 GMT+0000",0,"http://www.myecash.in/back-soon","60CACEB6-5E59-1343-FF1C-C394AAC06F00","Service_NotAvailable_URL",null,3,null
"Customer: Maximum amount that can be kept in any account of single merchant.",true,"E476F850-41D9-9C5F-FF78-30A5FB374200","03/28/2017 10:30:05 GMT+0000",4000,null,"68DFA46E-BD28-FF19-FF8B-54058B98C100","AC_Max_Cash_Limit",null,1,null
"Merchant: Txns older than this cannot be viewed in App.",true,"E476F850-41D9-9C5F-FF78-30A5FB374200","03/28/2017 10:30:05 GMT+0000",90,null,"6910B133-267B-E14A-FFF9-E129DFE54F00","Mchnt_Txn_History_Days",null,1,null
"If Customer Card Mandatory to be scanned, for Cashback redeem ?",true,"E476F850-41D9-9C5F-FF78-30A5FB374200","03/28/2017 10:30:05 GMT+0000",0,null,"77F18731-E582-A3C8-FFEB-FBEB52DB7500","CB_Redeem_Card_Required",null,2,null
"Customer: Txns older than this cannot be viewed in App, for any particular merchant.",true,"E476F850-41D9-9C5F-FF78-30A5FB374200","03/28/2017 10:30:05 GMT+0000",90,null,"96BF3568-054D-2749-FF07-14C1A6C97E00","Cust_Txn_History_Days",null,1,null
"Transactions can be cancelled within this many days.",true,"E476F850-41D9-9C5F-FF78-30A5FB374200","03/28/2017 10:30:05 GMT+0000",7,null,"9A668B5B-47F5-6222-FFE3-ACDDD1110E00","Txns_Recent_Days",null,1,null
null,false,"E476F850-41D9-9C5F-FF78-30A5FB374200","03/28/2017 10:30:05 GMT+0000",0,"http://www.myecash.in/terms#2","9F3E50F1-B406-1B8C-FF07-CD049D3F4E00","Cust_Terms_Url",null,3,null
"Merchant: Minutes for which account is kept Locked. Enabled automatically after this.",true,"E476F850-41D9-9C5F-FF78-30A5FB374200","03/28/2017 10:30:05 GMT+0000",60,null,"A3214735-78C4-CAB1-FFAA-9E3D37343F00","Mchnt_Acc_Locked_Mins",null,1,null
"Start Hour for Daily service downtime (24 hour format).",true,"E476F850-41D9-9C5F-FF78-30A5FB374200","03/28/2017 10:30:05 GMT+0000",0,null,"B5283FBB-AE5A-D29C-FF0C-1FF6C15D4B00","Daily_Downtime_Start_Hour",null,1,null
null,false,"E476F850-41D9-9C5F-FF78-30A5FB374200","03/28/2017 10:30:05 GMT+0000",50,null,"B5408341-6DA4-FE0D-FF53-A7BB17053C00","Cust_Card_Max_Qty",null,1,null
"Notice Period for Merchant, if he decides to leave MyeCash program. No Credit Txns will be allowed in this duration.",true,"E476F850-41D9-9C5F-FF78-30A5FB374200","03/28/2017 10:30:05 GMT+0000",30,null,"C4A06877-D26B-EADD-FF1A-3E6AEA9E8600","Mchnt_Removal_Expiry_Days",null,1,null
"Merchant List in the 'Customer App' will be refreshed only once in this duration.",true,"E476F850-41D9-9C5F-FF78-30A5FB374200","03/28/2017 10:30:05 GMT+0000",240,null,"C547DCC9-6E70-CB4D-FF71-BE160E0E7A00","Cust_Data_Refresh_Mins",null,1,null
null,false,"E476F850-41D9-9C5F-FF78-30A5FB374200","03/28/2017 10:30:06 GMT+0000",1,null,"C880596D-E865-1BE6-FF8F-4C7798575800","Txn_Image_Capture_Mode",null,1,null
"Customer: Minutes for which account is kept in Limited Mode. Enabled automatically after this.",true,"E476F850-41D9-9C5F-FF78-30A5FB374200","03/28/2017 10:30:05 GMT+0000",60,null,"CAE580C9-AECF-79B2-FF4E-FAB05668FF00","Cust_Limited_Mode_Mins",null,1,null
"Service Requests for any account older than these many days are Purged.",true,"E476F850-41D9-9C5F-FF78-30A5FB374200","03/28/2017 10:30:05 GMT+0000",90,null,"CF1A72F3-D557-E05E-FF10-B93309A77600","Service_Req_Keep_Days",null,1,null
null,false,"E476F850-41D9-9C5F-FF78-30A5FB374200","03/28/2017 10:30:06 GMT+0000",35,null,"D1052CCD-EAF8-9DFA-FF8B-B0444D83BD00","Cust_Card_Price",null,1,null
"Dashboard and Customer List in 'Merchant App' will be refreshed only once in this duration.",true,"E476F850-41D9-9C5F-FF78-30A5FB374200","03/28/2017 10:30:05 GMT+0000",240,null,"D129DE9C-411A-F142-FF89-EAADC4DD5100","Mchnt_Stats_Refresh_Mins",null,1,null
"Exact time till which Service is Disabled.",true,"E476F850-41D9-9C5F-FF78-30A5FB374200","03/28/2017 10:30:05 GMT+0000",0,null,"D536ECB9-443C-4844-FF79-7854430A0E00","Service_Disabled_Until",null,4,null
"Merchant: Number of wrong repeated verifications allowed. Account gets Locked after this.",true,"E476F850-41D9-9C5F-FF78-30A5FB374200","03/28/2017 10:30:05 GMT+0000",5,null,"DC3C487D-CF6B-2F43-FF4D-3AB959C4DD00","Mchnt_Allowed_Wrong_Verify_Attempts",null,1,null
"Customer: Minutes after which new password is sent on reset.",true,"E476F850-41D9-9C5F-FF78-30A5FB374200","03/28/2017 10:30:06 GMT+0000",10,null,"EC5A285B-BA26-408E-FFC8-DD4905EF1900","Cust_Password_Reset_Mins","03/30/2017 22:13:48 GMT+0000",1,null
null,false,"E476F850-41D9-9C5F-FF78-30A5FB374200","03/28/2017 10:30:06 GMT+0000",12,null,"F2A4365D-6B22-ABE1-FFA5-10BCAE0C8F00","Mchnt_Renew_Months",null,1,null
"Customer: Number of wrong repeated verifications allowed. Account gets Locked after this.",true,"E476F850-41D9-9C5F-FF78-30A5FB374200","03/28/2017 10:30:05 GMT+0000",5,null,"F35458BE-E5BC-5AC8-FF2F-B1B2DAF8AF00","Cust_Allowed_Wrong_Verify_Attempts",null,1,null
null,false,"E476F850-41D9-9C5F-FF78-30A5FB374200","03/28/2017 10:30:06 GMT+0000",0,"http://www.myecash.in/terms","F44F0563-E9E2-6B1E-FFFE-9EA751AD0F00","Mchnt_Terms_Url",null,3,null
"Account Credit: Amount over which Customer PIN is asked during txn.",true,"E476F850-41D9-9C5F-FF78-30A5FB374200","03/28/2017 10:30:05 GMT+0000",4000,null,"FB49C0AE-859B-C6B6-FF35-5EAF67A16600","AC_Credit_Limit_For_PIN",null,1,null
