"policy(STRING(36))","created(DATETIME)","ownerId(STRING(36))","name(STRING(72))","logFormat(STRING(36))","objectId(STRING_ID)","value(STRING(36))","updated(DATETIME)","level(STRING(36))"
"DATE-BASED","08/19/2016 01:19:34 GMT+0000",null,"Global logger","%d | %c | %5p | %m%n","08A636B6-FF56-285B-FF5C-3A512AD39C00","1",null,"DEBUG"
"DATE-BASED","08/12/2016 20:41:03 GMT+0000",null,"Global logger","%d | %c | %5p | %m%n","4F9F790A-4549-FA87-FFA8-49AF7BB13000","1","08/17/2016 18:27:58 GMT+0000","DEBUG"
null,"10/22/2016 11:39:06 GMT+0000",null,"services.CustomerServices",null,"53B5CCA0-2C93-37FE-FFB6-6A8856DDEF00",null,"09/06/2017 17:26:02 GMT+0000","DEBUG"
null,"09/03/2016 07:03:59 GMT+0000",null,"events.GenericUserEventHandler",null,"579676EE-5826-2174-FFD0-B3665AC16400",null,"09/06/2017 17:26:02 GMT+0000","DEBUG"
null,"09/03/2016 08:06:08 GMT+0000",null,"services.AgentServicesNoLogin",null,"599428E1-DB50-09E6-FF8B-3BF8DA910F00",null,"09/06/2017 17:26:02 GMT+0000","DEBUG"
null,"09/03/2016 08:28:53 GMT+0000",null,"services.MerchantServices",null,"5C72DEC4-2598-A9EA-FFA5-6921DE6DEA00",null,"09/06/2017 17:26:01 GMT+0000","DEBUG"
null,"09/13/2016 21:12:37 GMT+0000",null,"services.InternalUserServicesNoLogin",null,"8A9D35C1-D988-869E-FF3A-014A64247200",null,"09/06/2017 17:26:02 GMT+0000","DEBUG"
null,"09/03/2016 10:55:44 GMT+0000",null,"events.TxnTableEventHelper",null,"9CC46D1B-3D05-747F-FF31-82D2BC7C8E00",null,"09/06/2017 17:26:01 GMT+0000","DEBUG"
null,"11/26/2016 18:26:02 GMT+0000",null,"services.FailedSmsTimer",null,"9E3959D7-F790-60C3-FF68-BA63F6C96D00",null,"09/06/2017 17:26:01 GMT+0000","DEBUG"
null,"10/22/2016 09:09:34 GMT+0000",null,"services.CustomerServicesNoLogin",null,"A21EC80D-059F-E769-FF20-8C47809C3000",null,"09/06/2017 17:26:01 GMT+0000","DEBUG"
null,"09/03/2016 07:57:37 GMT+0000",null,"services.CommonServices",null,"AB43EAFA-BD53-6813-FF0F-A2BD7A621300",null,"09/06/2017 17:26:01 GMT+0000","DEBUG"
null,"09/03/2016 08:16:07 GMT+0000",null,"services.MerchantServicesNoLogin",null,"ACB9FF36-2499-701B-FF66-B4C057222200",null,"09/06/2017 17:26:02 GMT+0000","DEBUG"
null,"09/03/2016 09:11:00 GMT+0000",null,"services.MerchantPasswdResetTimer",null,"B2DDE335-F92D-DDA6-FF96-408AC2535300",null,"09/06/2017 17:26:02 GMT+0000","DEBUG"
null,"09/03/2016 08:01:15 GMT+0000",null,"services.AdminServices",null,"C8132377-D2CE-E61C-FFE0-821AEDD58E00",null,"09/06/2017 17:26:02 GMT+0000","DEBUG"
null,"09/03/2016 07:03:58 GMT+0000",null,"utilities.edr",null,"CA6ADA21-F7B6-CC1E-FF85-F220495D8300",null,"09/06/2017 17:26:02 GMT+0000","INFO"
"DATE-BASED","08/19/2016 01:22:29 GMT+0000",null,"Global logger","%d | %c | %5p | %m%n","CA87FD3B-EC37-F182-FF62-7FECED954900",null,null,"DEBUG"
null,"10/10/2016 22:06:00 GMT+0000",null,"services.CustomerPasswdPinResetTimer",null,"CF7D6773-8183-9F0C-FF4F-D5D35683D000",null,"09/06/2017 17:26:02 GMT+0000","DEBUG"
null,"03/01/2017 05:55:02 GMT+0000",null,"services.EndOfDayTimer",null,"DE8EFD2B-F640-B1F1-FFD1-6DBA9A5ABD00",null,"09/06/2017 17:26:01 GMT+0000","DEBUG"
